{"cameraMode":{"drawMode":0,"name":"Shaded","section":"Shading Mode"},"sceneLighting":false,"audioPlay":false,"sceneViewState":{"showFog":true,"showMaterialUpdate":false,"showSkybox":false,"showFlares":true,"showImageEffects":true,"showParticleSystems":true},"in2DMode":false,"pivot":{"x":1.0583229064941407,"y":8.692217826843262,"z":0.3519691228866577},"rotation":{"x":0.25022390484809878,"y":-0.5082709193229675,"z":0.1572265625,"w":0.8089057207107544},"size":7.213594436645508,"orthographic":false}